sourceID,RA,DEC,Gmag,RA2000,DEC2000,GaiaDR3,RAdeg,DEdeg,RV,e_RV,Offset,UnderFactor,NoiseFloor,CMDoutfrac,BadMeas,warning,Teff,logg,[Fe/H],rchi2,Skew
4615941716839404800,03:56:22,-82:47:53,16.975,59.09166666666666,-82.79805555555555,4615941716839404800,59.09347406131,-82.7979974072,316.433,594.962,166.656,1.356,241.815,0.431418,0.01,4,3800,0.5,-1.0,1.96728,-0.424
4614440539869942912,04:37:05,-84:57:50,17.223,69.27083333333334,-84.96388888888889,4614440539869942912,69.27066599344,-84.96393704056,1972.106,1022.51,400.44,1.246,616.197,0.350325,0.02,4,3800,0.5,-1.0,0.838323,-19.338
4614803791024100224,04:56:28,-84:29:10,17.464,74.11666666666666,-84.48611111111111,4614803791024100224,74.11880290203,-84.48622024042,648.124,1817.7,504.723,1.573,169.177,0.153545,0.0,0,4100,1.0,-1.5,0.795912,-8.602
6347962591200980224,20:59:24,-82:48:27,17.486,314.84999999999997,-82.8075,6347962591200980224,314.85035270583,-82.80742641497,1219.218,2185.69,427.573,1.628,382.804,0.245991,0.0,4,4200,2.0,-0.5,0.873467,-21.912
4615948103454388480,04:02:01,-82:54:11,17.492,60.50416666666666,-82.90305555555555,4615948103454388480,60.50282793273,-82.90300311275,-946.777,2658.87,461.576,1.832,207.897,0.331729,0.02,4,4100,1.5,-1.5,1.90746,11.828
6348558320345997440,21:44:56,-81:26:47,17.501,326.2333333333333,-81.44638888888889,6348558320345997440,326.23335789854,-81.44644217901,-532.737,1829.72,427.573,1.628,382.804,0.245991,0.02,4,4400,0.5,-2.5,1.63805,12.601
4614792143072826112,05:07:11,-84:38:26,17.594,76.79583333333333,-84.64055555555555,4614792143072826112,76.79508954727,-84.64055031175,155.957,1665.37,-200.154,1.752,209.376,0.752465,0.02,4,3600,0.5,-1.5,1.0154,-6.406
6346423481081191040,19:48:27,-84:37:29,17.765,297.1125,-84.62472222222222,6346423481081191040,297.11344407832,-84.62479441046,837.89,1061.54,-149.189,0.995,653.876,0.0243019,0.01,0,4500,2.5,0.0,1.48299,-11.777
6351027209282179584,23:12:54,-81:05:16,17.781,348.22499999999997,-81.08777777777777,6351027209282179584,348.22405436479,-81.08775589955,-709.039,2423.3,427.573,1.628,382.804,0.245991,0.0,4,4200,1.0,-2.0,1.67084,9.355
6348178649532215168,20:35:11,-82:51:08,17.809,308.79583333333335,-82.85222222222222,6348178649532215168,308.79552367217,-82.85230657568,1593.983,1820.87,-268.128,0.92,654.708,0.0821493,0.0,0,4400,1.5,-1.5,0.91593,-12.341
2627910688207002112,22:30:47,-04:05:44,17.867,337.6958333333334,-4.095555555555555,2627910688207002112,337.69450559448,-4.09555108538,-1871.397,1504.83,461.576,1.832,207.897,0.331729,0.0,4,4200,0.5,-0.5,2.36661,4.826
6361119312980980736,19:10:06,-79:36:24,17.897,287.525,-79.60666666666667,6361119312980980736,287.52448097423,-79.60680250019,-868.621,1721.94,427.573,1.628,382.804,0.245991,0.0,4,4200,2.5,-1.0,1.37713,-3.837
2621073615668045824,22:07:57,-05:05:51,17.944,331.9875,-5.097500000000002,2621073615668045824,331.98941614291,-5.09742047552,-1485.966,5045.67,,,,,0.0,1,3900,-0.5,-2.0,0.477519,6.553
6368001950829484544,19:58:59,-73:17:25,18.14,299.74583333333334,-73.29027777777777,6368001950829484544,299.74503714796,-73.29036918474,-2248.886,2002.26,98.564,0.893,813.413,0.0696499,0.01,0,4500,-0.5,-2.0,1.01571,23.019
4614399926659143552,04:57:15,-85:06:19,18.156,74.3125,-85.10527777777777,4614399926659143552,74.31147042852,-85.10532770234,344.765,1455.19,-292.194,0.885,852.465,0.11293,0.0,0,4300,0.5,-1.5,0.999208,-4.175
6347527120173761152,20:05:47,-82:21:39,18.187,301.4458333333333,-82.36083333333333,6347527120173761152,301.44513275436,-82.36092064468,-509.466,1404.25,-417.839,0.828,622.251,0.0846953,0.0,0,4300,2.5,-1.0,1.38338,11.922
6345183167541259648,22:31:23,-82:47:15,18.188,337.8458333333333,-82.7875,6345183167541259648,337.8474071613,-82.78764033654,2286.754,1790.33,-417.839,0.828,622.251,0.0846953,0.01,0,4300,3.0,-0.5,0.799165,-26.382
6367912752949133568,19:44:25,-73:33:59,18.189,296.1041666666667,-73.5663888888889,6367912752949133568,296.10253861028,-73.56643633892,87.242,1649.23,270.066,1.035,736.485,0.0510273,0.0,0,4000,1.0,-1.0,0.929406,-1.252
4614842097835533184,04:56:23,-84:04:38,18.204,74.09583333333335,-84.07722222222222,4614842097835533184,74.09662573994,-84.07729690151,483.317,1296.65,-33.112,0.744,782.492,0.135661,0.0,0,4200,0.5,-1.5,0.684241,-8.295
6360172843923087744,19:32:44,-80:12:08,18.212,293.18333333333334,-80.20222222222222,6360172843923087744,293.18239661649,-80.20230543965,-1119.437,3300.94,-460.924,0.872,329.702,0.0620475,0.0,0,4700,3.0,0.0,0.398071,12.484
6360646458556949504,18:39:30,-80:49:11,18.213,279.875,-80.81972222222223,6360646458556949504,279.87332206571,-80.81983402024,-2695.089,3417.47,-292.194,0.885,852.465,0.11293,0.0,0,4600,-0.5,-2.5,0.755355,14.183
6348008564530896768,21:33:07,-82:49:06,18.277,323.2791666666667,-82.81833333333333,6348008564530896768,323.27710933156,-82.81840868474,-555.745,921.195,-460.924,0.872,329.702,0.0620475,0.0,0,4400,6.0,-0.5,0.310547,-0.747
6348188991813530752,20:34:37,-82:44:41,18.291,308.6541666666667,-82.74472222222222,6348188991813530752,308.65484396065,-82.74466313715,1564.672,1308.71,-417.839,0.828,622.251,0.0846953,0.01,0,4400,3.5,-0.5,0.726106,-10.332
4630021031952040064,00:26:22,-82:49:26,18.338,6.591666666666666,-82.82388888888889,4630021031952040064,6.59007927165,-82.82397905731,2946.779,2956.72,-292.194,0.885,852.465,0.11293,0.01,0,4600,-0.5,-2.0,1.12408,-14.651
4621377358729545088,05:39:59,-81:31:48,18.461,84.99583333333334,-81.53,4621377358729545088,84.99559363039,-81.53012662053,1214.422,1839.98,-292.194,0.885,852.465,0.11293,0.0,0,4300,2.5,-0.5,0.608088,-11.437
